{
	"$schema": "https://schemas.wp.org/trunk/theme.json",
	"version": 3,
	"title": "Rubik",
	"category": "bold",
	"keywords": [
		"sans-serif",
		"friendly",
		"simple",
		"clean",
		"modern",
		"expressive",
		"versatile",
		"energetic",
		"contemporary"
	],
	"settings": {
		"typography": {
			"fontFamilies": [
				{
					"fontFace": [
						{
							"fontFamily": "Rubik",
							"fontStyle": "normal",
							"fontWeight": "300 600",
							"src": [
								"file:./assets/fonts/rubik/Rubik-VariableFont_wght.woff2"
							]
						},
						{
							"fontFamily": "Rubik",
							"fontStyle": "italic",
							"fontWeight": "300 600",
							"src": [
								"file:./assets/fonts/rubik/Rubik-Italic-VariableFont_wght.woff2"
							]
						}
					],
					"fontFamily": "\"Rubik\", sans-serif",
					"name": "Rubik",
					"slug": "rubik"
				}
			],
			"fontSizes": [
				{
					"name": "Small",
					"size": "15px",
					"slug": "small",
					"fluid": {
						"min": "15px",
						"max": "17px"
					}
				},
				{
					"name": "Medium",
					"size": "18px",
					"slug": "medium",
					"fluid": {
						"min": "17px",
						"max": "19px"
					}
				},
				{
					"name": "Large",
					"size": "28px",
					"slug": "large",
					"fluid": {
						"min": "24px",
						"max": "28px"
					}
				},
				{
					"name": "Extra Large",
					"size": "42px",
					"slug": "x-large",
					"fluid": {
						"min": "32px",
						"max": "42px"
					}
				},
				{
					"name": "2X Large",
					"size": "56px",
					"slug": "xx-large",
					"fluid": {
						"min": "40px",
						"max": "56px"
					}
				}
			]
		}
	},
	"styles": {
		"blocks": {
			"core/site-title": {
				"typography": {
					"fontSize": "var(--wp--preset--font-size--medium)",
					"fontWeight": "500"
				}
			},
			"core/site-tagline": {
				"typography": {
					"fontSize": "15px",
					"fontWeight": "400"
				}
			},
			"core/navigation": {
				"typography": {
					"fontSize": "var(--wp--preset--font-size--medium)",
					"fontWeight": "500"
				}
			}
		},
		"elements": {
			"button": {
				"typography": {
					"fontSize": "var(--wp--preset--font-size--medium)",
					"fontWeight": "500"
				}
			},
			"heading": {
				"typography": {
					"fontFamily": "var(--wp--preset--font-family--rubik)",
					"fontWeight": "600"
				}
			},
			"h1": {
				"typography": {
					"fontSize": "var(--wp--preset--font-size--xx-large)"
				}
			},
			"h2": {
				"typography": {
					"fontSize": "var(--wp--preset--font-size--x-large)"
				}
			},
			"h3": {
				"typography": {
					"fontSize": "var(--wp--preset--font-size--large)"
				}
			},
			"h4": {
				"typography": {
					"fontSize": "var(--wp--preset--font-size--medium)"
				}
			},
			"h5": {
				"typography": {
					"fontSize": "var(--wp--preset--font-size--medium)"
				}
			},
			"h6": {
				"typography": {
					"fontSize": "var(--wp--preset--font-size--small)"
				}
			}
		},
		"typography": {
			"fontFamily": "var(--wp--preset--font-family--rubik)",
			"fontWeight": "300",
			"lineHeight": "1.65",
			"fontSize": "var(--wp--preset--font-size--small)"
		}
	}
}
